Algorithm,Workload,Avg_TAT,Avg_WT,Avg_RT
FCFS,Light,188.707,180.283,180.283
FCFS,Heavy,2053.691,2011.7900000000002,2011.7900000000002
FCFS,Mixed,949.146,929.213,929.213
