Algorithm,Workload,Avg_TAT,Avg_WT,Avg_RT
PRIORITY,Light,175.202,166.77800000000002,166.77800000000002
PRIORITY,Heavy,2009.654,1967.7530000000002,1967.7530000000002
PRIORITY,Mixed,994.451,974.518,974.518
